r,rho,count
4.12044350e+00,2.19119149e+08,8.00000000e+00
7.90870963e+00,5.58763772e+07,2.40000000e+01
1.02652681e+01,3.16480744e+07,2.40000000e+01
1.33240104e+01,2.27652081e+07,3.20000000e+01
1.51798436e+01,1.71165513e+07,4.80000000e+01
1.72941663e+01,1.25274440e+07,7.20000000e+01
1.97029822e+01,9.83909273e+06,9.60000000e+01
2.24473097e+01,7.44883671e+06,1.76000000e+02
2.55738805e+01,5.70714166e+06,1.92000000e+02
2.91359354e+01,4.52103305e+06,2.96000000e+02
3.31941306e+01,3.39657434e+06,5.04000000e+02
3.78175711e+01,2.58619782e+06,8.00000000e+02
4.30849870e+01,1.98591805e+06,9.12000000e+02
4.90860742e+01,1.57250637e+06,1.59200000e+03
5.59230221e+01,1.19418270e+06,2.31200000e+03
6.37122535e+01,9.23360250e+05,3.34400000e+03
7.25864070e+01,7.19080950e+05,4.97600000e+03
8.26965960e+01,5.46078026e+05,7.37600000e+03
9.42149814e+01,4.23149352e+05,1.12720000e+04
1.07337704e+02,3.25293787e+05,1.61360000e+04
1.22288223e+02,2.49406706e+05,2.38000000e+04
1.39321123e+02,1.93168823e+05,3.54400000e+04
1.58726449e+02,1.48159717e+05,5.27280000e+04
1.80834643e+02,1.14447960e+05,7.72240000e+04
2.06022175e+02,8.79340374e+04,1.14912000e+05
2.34717949e+02,6.63789099e+04,1.69688000e+05
