r_low,r_high,r_center,rho_measured,rho_exact_shell,count
1.00000000e-01,1.21604179e-01,1.10274285e-01,1.04948687e+10,3.70060054e+09,3
1.21604179e-01,1.47875764e-01,1.34098139e-01,5.83621803e+09,3.67891348e+09,3
1.47875764e-01,1.79823108e-01,1.63068941e-01,2.16368856e+09,3.64731080e+09,2
1.79823108e-01,2.18672415e-01,1.98298647e-01,5.41454243e+09,3.60157180e+09,9
2.18672415e-01,2.65914795e-01,2.41139442e-01,4.34927736e+09,3.53602165e+09,13
2.65914795e-01,3.23363503e-01,2.93235638e-01,4.46518536e+09,3.44339146e+09,24
3.23363503e-01,3.93223534e-01,3.56586791e-01,2.69002365e+09,3.31505905e+09,26
3.93223534e-01,4.78176250e-01,4.33624440e-01,2.70417696e+09,3.14204617e+09,47
4.78176250e-01,5.81482303e-01,5.27305440e-01,2.87961388e+09,2.91715850e+09,90
5.81482303e-01,7.07106781e-01,6.41225452e-01,2.66893199e+09,2.63828522e+09,150
7.07106781e-01,8.59871396e-01,7.79756946e-01,2.31534976e+09,2.31192278e+09,234
8.59871396e-01,1.04563955e+00,9.48217033e-01,1.92035126e+09,1.95483761e+09,349
1.04563955e+00,1.27154139e+00,1.15307154e+00,1.54525844e+09,1.59174458e+09,505
1.27154139e+00,1.54624747e+00,1.40218318e+00,1.26771176e+09,1.24902882e+09,745
1.54624747e+00,1.88030155e+00,1.70511334e+00,9.63311008e+08,9.47558422e+08,1018
1.88030155e+00,2.28652526e+00,2.07348908e+00,6.56731473e+08,6.98404293e+08,1248
2.28652526e+00,2.78051027e+00,2.52144938e+00,4.84312571e+08,5.02912955e+08,1655
2.78051027e+00,3.38121669e+00,3.06618782e+00,3.51834103e+08,3.55703319e+08,2162
3.38121669e+00,4.11170080e+00,3.72861252e+00,2.49592197e+08,2.48254607e+08,2758
4.11170080e+00,5.00000000e+00,4.53414865e+00,1.71460219e+08,1.71603556e+08,3407
5.00000000e+00,6.08020895e+00,5.51371424e+00,1.17178707e+08,1.17813347e+08,4187
6.08020895e+00,7.39378818e+00,6.70490694e+00,8.18159952e+07,8.04999253e+07,5257
7.39378818e+00,8.99115542e+00,8.15344704e+00,5.58577838e+07,5.48235915e+07,6454
8.99115542e+00,1.09336207e+01,9.91493234e+00,3.69632763e+07,3.72527679e+07,7680
1.09336207e+01,1.32957397e+01,1.20569721e+01,2.54051327e+07,2.52743177e+07,9492
1.32957397e+01,1.61681752e+01,1.46617819e+01,1.71210091e+07,1.71294721e+07,11503
1.61681752e+01,1.96611767e+01,1.78293395e+01,1.15604801e+07,1.16010808e+07,13967
1.96611767e+01,2.39088125e+01,2.16812220e+01,7.94958982e+06,7.85312615e+06,17271
2.39088125e+01,2.90741152e+01,2.63652720e+01,5.33944405e+06,5.31427642e+06,20860
2.90741152e+01,3.53553391e+01,3.20612726e+01,3.59586986e+06,3.59541614e+06,25262
3.53553391e+01,4.29935698e+01,3.89878473e+01,2.41184245e+06,2.43214148e+06,30469
4.29935698e+01,5.22819776e+01,4.74108517e+01,1.64831067e+06,1.64506962e+06,37445
5.22819776e+01,6.35770697e+01,5.76535770e+01,1.11133763e+06,1.11262756e+06,45399
6.35770697e+01,7.73123737e+01,7.01091590e+01,7.55889727e+05,7.52480242e+05,55527
7.73123737e+01,9.40150773e+01,8.52556672e+01,5.10127116e+05,5.08893263e+05,67386
9.40150773e+01,1.14326263e+02,1.03674454e+02,3.45508112e+05,3.44151006e+05,82072
1.14326263e+02,1.39025514e+02,1.26072469e+02,2.32432577e+05,2.32736835e+05,99284
1.39025514e+02,1.69060834e+02,1.53309391e+02,1.57311830e+05,1.57389940e+05,120834
1.69060834e+02,2.05585040e+02,1.86430626e+02,1.06072521e+05,1.06435364e+05,146513
2.05585040e+02,2.50000000e+02,2.26707433e+02,7.19418295e+04,7.19768763e+04,178690
